,return_top20,Date,return_top10,return_top5,return_randamu,Mkt-RF,Mkt-Rf_div100,SMB,HML,RF, S&P ,SMB-Rf,HML-RF,Mkt-Rf_Cum,SMB-Rf_Cum,HML-RF_Cum,SP500_Return,top20-RF,top10-RF,top5-RF,randamu-RF,RF_div100
0,0.067723676598,2002-02-01,0.07837316077999999,0.13436511256,0.051645638368,-2.29,-0.0229,-1.01,2.16,0.13,-0.02,-0.0114,0.0203,0.96302976,0.9989803,1.0539699,0.986402068,0.066423676598,0.07707316078,0.13306511256,0.050345638368,0.0013
1,-0.018798330445000004,2002-03-01,-0.015901617,-0.008177867000000002,-0.038262760155000006,4.24,0.0424,4.21,1.06,0.13,0.04,0.0408,0.0093,1.003862222,1.039738696,1.06377182,1.02199153,-0.020098330445000003,-0.017201617,-0.009477867000000001,-0.03956276015500001,0.0013
2,-0.022913712984999998,2002-04-01,-0.059388216910000007,-0.052572933020000004,-0.033134579920000004,-5.2,-0.052,5.96,3.88,0.15,-0.06,0.0581,0.0373,0.951661386,1.100147514,1.103450509,0.957212921,-0.024413712985,-0.06088821691000001,-0.054072933020000005,-0.034634579920000005,0.0015
3,-0.109012642165,2002-05-01,-0.12924705513,-0.0840957046,-0.11105186008000001,-1.38,-0.0138,-3.21,1.53,0.14,-0.01,-0.0335,0.0139,0.938528459,1.063292573,1.118788471,0.948480323,-0.110412642165,-0.13064705513000002,-0.0854957046,-0.11245186008000001,0.0014000000000000002
4,-0.08982954180000001,2002-06-01,-0.13906408010000001,-0.12136520760000001,-0.13149349040000002,-7.21,-0.0721,4.29,-0.05,0.13,-0.08,0.0416,-0.0018,0.870860557,1.107525544,1.116774652,0.877140998,-0.0911295418,-0.1403640801,-0.1226652076,-0.13279349040000002,0.0013
5,0.021232070565,2002-07-01,0.02594458207,0.0628153314,-0.00888543805,-8.18,-0.0818,-5.28,-3.85,0.15,-0.08,-0.0543,-0.04,0.799624164,1.047386907,1.072103666,0.804952407,0.019732070565,0.02444458207,0.06131533139999999,-0.01038543805,0.0015
6,-0.11355592625000001,2002-08-01,-0.14409199620000002,-0.1044256844,-0.09282797090000001,0.5,0.005,-2.86,3.28,0.14,0.0,-0.03,0.0314,0.803622284,1.0159653,1.105767721,0.808872158,-0.11495592625,-0.14549199620000003,-0.1058256844,-0.09422797090000001,0.0014000000000000002
7,0.050846813535,2002-09-01,0.06860578017,0.02522917446,0.020209526240000004,-10.35,-0.1035,2.4,1.47,0.14,-0.12,0.0226,0.0133,0.720447378,1.038926115,1.120474432,0.714589074,0.049446813535,0.06720578017,0.023829174459999998,0.018809526240000006,0.0014000000000000002
8,0.07269753589000001,2002-10-01,0.04420686918000001,0.11472510440000001,0.12549259225,7.84,0.0784,-3.41,-3.95,0.14,0.08,-0.0355,-0.0409,0.776930452,1.002044238,1.074647027,0.773838814,0.07129753589000001,0.04280686918000001,0.11332510440000002,0.12409259225000001,0.0014000000000000002
9,-0.040431068725,2002-11-01,-0.020226516149999995,-0.04439208049999999,-0.061080691750000006,5.96,0.0596,3.18,-1.23,0.12,0.06,0.0306,-0.0135,0.823235507,1.032706792,1.060139292,0.81678732,-0.041631068725,-0.021426516149999995,-0.04559208049999999,-0.062280691750000006,0.0012
10,-0.0500657812,2002-12-01,-0.0556266633,-0.026701687000000005,-0.04092686649999999,-5.76,-0.0576,0.09,2.14,0.11,-0.06,-0.0002,0.0203,0.775817142,1.032500251,1.08166012,0.765959236,-0.051165781199999996,-0.056726663299999994,-0.027801687000000005,-0.04202686649999999,0.0011
11,-0.0041270064700000015,2003-01-01,-0.008002951210000005,-0.026424068420000005,-0.015892342260000004,-2.57,-0.0257,1.33,-0.83,0.1,-0.03,0.0123,-0.0093,0.755878642,1.045200004,1.071600681,0.744667489,-0.0051270064700000015,-0.009002951210000006,-0.027424068420000006,-0.016892342260000005,0.001
12,-0.004291471542999997,2003-02-01,-0.005694287986000001,-0.010986484199999997,0.031057971445000006,-1.88,-0.0188,-0.45,-1.39,0.09,-0.02,-0.0054,-0.0148,0.741668123,1.039555924,1.055740991,0.731896557,-0.005191471542999997,-0.006594287986000001,-0.011886484199999997,0.030157971445000004,0.0009
13,0.09622853783000002,2003-03-01,0.1184353123,0.14695396800000002,0.1072333567,1.09,0.0109,1.02,-1.93,0.1,0.01,0.0092,-0.0203,0.749752306,1.049119838,1.034309449,0.73798804,0.09522853783000002,0.1174353123,0.14595396800000002,0.1062333567,0.001
14,0.07114763245,2003-04-01,0.0931382518,0.0871372626,0.05653613468999999,8.22,0.0822,0.63,1.14,0.1,0.08,0.0053,0.0104,0.811381945,1.054680173,1.045066267,0.795497493,0.07014763245,0.0921382518,0.0861372626,0.05553613468999999,0.001
15,0.023985730230000002,2003-05-01,0.04537724185000001,0.058180185800000006,0.015739789264999998,6.05,0.0605,4.67,0.4,0.09,0.05,0.0458,0.0031,0.860470553,1.102984525,1.048305972,0.834990495,0.02308573023,0.04447724185000001,0.05728018580000001,0.014839789264999998,0.0009
16,-0.026602509050000004,2003-06-01,-0.0257753338,-0.03931537140000001,0.014156470300000001,1.42,0.0142,1.74,0.11,0.1,0.01,0.0164,0.0001,0.872689235,1.121073471,1.048410803,0.844391341,-0.027602509050000005,-0.026775333800000002,-0.04031537140000001,0.0131564703,0.001
17,0.06459424999,2003-07-01,0.05802473851,0.02429977260000001,0.056837322285000005,2.35,0.0235,5.06,-1.24,0.07,0.02,0.0499,-0.0131,0.893197432,1.177015038,1.034676621,0.857980558,0.06389424999,0.05732473851,0.02359977260000001,0.056137322285000006,0.0007000000000000001
18,-0.014780726180000002,2003-08-01,-0.02430518696000001,-0.03223571772000001,-0.03344006497599998,2.34,0.0234,2.59,1.53,0.07,0.02,0.0252,0.0146,0.914098252,1.206675817,1.0497829,0.873179979,-0.015480726180000001,-0.02500518696000001,-0.03293571772000001,-0.03414006497599998,0.0007000000000000001
19,0.060853936215,2003-09-01,0.06412447293,0.11746494460000001,0.0607785750765,-1.24,-0.0124,0.8,0.16,0.08,-0.01,0.0072,0.0008,0.902763433,1.215363882,1.050622726,0.862687645,0.060053936215,0.06332447293,0.11666494460000001,0.0599785750765,0.0008
20,0.02479633907,2003-10-01,0.025058523900000004,-0.001654579800000001,0.024728222765000002,6.08,0.0608,2.7,1.97,0.07,0.05,0.0263,0.019,0.95765145,1.247327953,1.070584558,0.908845116,0.02409633907,0.024358523900000005,-0.002354579800000001,0.024028222765000003,0.0007000000000000001
21,0.019109455284999997,2003-11-01,0.029027012,0.052156408200000004,0.06981658749500001,1.35,0.0135,2.08,1.78,0.07,0.01,0.0201,0.0171,0.970579745,1.272399244,1.088891554,0.915300848,0.018409455284999997,0.028327012000000002,0.051456408200000005,0.069116587495,0.0007000000000000001
22,0.040141824551500005,2003-12-01,0.02245610512,0.02382012384,0.033074488086500015,4.29,0.0429,-2.68,1.6,0.08,0.05,-0.0276,0.0152,1.012217616,1.237281025,1.105442706,0.960625539,0.0393418245515,0.02165610512,0.02302012384,0.03227448808650001,0.0008
23,0.025779515234999998,2004-01-01,0.028558606170000004,0.033127459,0.022953823419999998,2.15,0.0215,2.55,2.49,0.07,0.02,0.0248,0.0242,1.033980295,1.267965595,1.132194419,0.97707998,0.025079515235,0.027858606170000005,0.032427459,0.02225382342,0.0007000000000000001
24,-0.013783029470000003,2004-02-01,-0.019924780470000004,-0.024352976800000002,-0.006849861040000004,1.4,0.014,-1.58,0.9,0.06,0.01,-0.0164,0.0084,1.048456019,1.247170959,1.141704852,0.988936944,-0.014383029470000003,-0.020524780470000004,-0.024952976800000002,-0.007449861040000004,0.0006
25,0.01536010722,2004-03-01,0.006863100500000003,0.005117001400000001,-0.016338961707000003,-1.32,-0.0132,1.72,0.27,0.09,-0.02,0.0163,0.0018,1.034616399,1.267499846,1.143759921,0.9726252,0.01446010722,0.005963100500000003,0.004217001400000002,-0.017238961707000004,0.0009
26,0.01104895395,2004-04-01,0.02270445846,-0.0015571236800000013,0.013572536704999999,-1.83,-0.0183,-1.68,-3.1,0.08,-0.02,-0.0176,-0.0318,1.015682919,1.245191848,1.107388356,0.956155355,0.01024895395,0.02190445846,-0.002357123680000001,0.012772536704999999,0.0008
27,0.04218109392,2004-05-01,0.0304565498,-0.008763578999999999,0.028185636505000004,1.17,0.0117,-0.2,-0.25,0.06,0.01,-0.0026,-0.0031,1.027566409,1.241954349,1.103955452,0.96763976,0.04158109392,0.0298565498,-0.009363578999999999,0.027585636505000004,0.0006
28,-0.01664947949,2004-06-01,-0.028694330420000004,-0.02256338428,-0.02588875644,1.86,0.0186,2.26,1.18,0.08,0.02,0.0218,0.011,1.046679144,1.269028954,1.116098962,0.984891992,-0.01744947949,-0.029494330420000003,-0.02336338428,-0.02668875644,0.0008
29,-0.023332149165,2004-07-01,-0.01065628655,0.0010395120000000033,-0.006970128365,-4.06,-0.0406,-3.81,3.24,0.1,-0.03,-0.0391,0.0314,1.004183971,1.219409922,1.151144469,0.950526906,-0.024332149165,-0.011656286549999999,3.951200000000326e-05,-0.007970128364999999,0.001
30,0.016334969745,2004-08-01,0.01629319609,0.00266288938,0.016199611345000003,0.08,0.0008,-1.48,0.97,0.11,0.0,-0.0159,0.0086,1.004987318,1.200021304,1.161044312,0.952698595,0.015234969745,0.01519319609,0.00156288938,0.015099611345000003,0.0011
31,0.05116151775,2004-09-01,0.0802612341,0.0635649402,0.010489236000499998,1.6,0.016,3.01,0.0,0.11,0.01,0.029,-0.0011,1.021067115,1.234821922,1.159767163,0.961578067,0.050061517750000006,0.07916123409999999,0.062464940200000006,0.009389236000499998,0.0011
32,0.052433126550000014,2004-10-01,0.044292858000000004,0.035994360399999994,0.04863027243499999,1.43,0.0143,0.15,-0.22,0.11,0.01,0.0004,-0.0033,1.035668375,1.235315851,1.155939931,0.974960306,0.05133312655000002,0.04319285800000001,0.0348943604,0.04753027243499999,0.0011
33,0.03236057138,2004-11-01,0.04470461776,0.036212894960000006,0.017937800335,4.54,0.0454,3.74,1.41,0.15,0.04,0.0359,0.0126,1.082687719,1.27966369,1.170504774,1.011880863,0.03086057138,0.04320461776,0.034712894960000004,0.016437800335,0.0015
34,-0.01690942369,2004-12-01,-0.021744055819999997,-0.0057953794600000014,-0.017404050015,3.43,0.0343,-0.03,-0.22,0.16,0.03,-0.0019,-0.0038,1.119823908,1.277232329,1.166056856,1.044202859,-0.018509423690000002,-0.023344055819999997,-0.007395379460000001,-0.019004050015,0.0016
35,0.0035706571700000007,2005-01-01,0.006119542100000002,0.0188342378,0.03791928003,-2.76,-0.0276,-1.72,2.06,0.16,-0.03,-0.0188,0.019,1.088916768,1.253220361,1.188211936,1.017454821,0.001970657170000001,0.004519542100000002,0.0172342378,0.036319280030000005,0.0016
36,0.006154297730000001,2005-02-01,0.004896969029999998,0.010194294879999998,0.002428580859999999,1.89,0.0189,-0.57,1.54,0.16,0.02,-0.0073,0.0138,1.109497295,1.244071853,1.204609261,1.036508631,0.004554297730000001,0.0032969690299999984,0.008594294879999997,0.0008285808599999987,0.0016
37,-0.01615140887,2005-03-01,-0.014475569240000003,-0.029227108880000005,-0.030205765835000002,-1.97,-0.0197,-1.4,2.04,0.21,-0.02,-0.0161,0.0183,1.087640199,1.224042296,1.226653611,1.016501162,-0.018251408870000003,-0.016575569240000004,-0.03132710888,-0.032305765835,0.0021
38,0.03574635814,2005-04-01,0.04704134050000001,0.051617668600000007,0.04433957098,-2.61,-0.0261,-3.94,0.07,0.21,-0.02,-0.0415,-0.0014,1.059252789,1.173244541,1.224936296,0.995852446,0.03364635814,0.04494134050000001,0.04951766860000001,0.04223957098,0.0021
39,0.007136259360000001,2005-05-01,0.014273099519999999,0.0329382446,0.021039390784999997,3.65,0.0365,2.89,-0.64,0.24,0.03,0.0265,-0.0088,1.097915516,1.204335521,1.214156856,1.025242266,0.004736259360000002,0.01187309952,0.0305382446,0.018639390784999998,0.0024
40,0.03629255413500001,2005-06-01,0.038071349420000004,0.0041313618399999984,0.038721826655,0.57,0.0057,2.58,2.83,0.23,0.0,0.0235,0.026,1.104173635,1.232637406,1.245724934,1.025095977,0.033992554135000005,0.03577134942,0.0018313618399999985,0.036421826655,0.0023
41,-0.004542323139999999,2005-07-01,-0.01106888118,-0.010150987759999997,-0.027327709565000004,3.92,0.0392,2.91,-0.79,0.24,0.04,0.0267,-0.0103,1.147457241,1.265548824,1.232893968,1.061319231,-0.006942323139999998,-0.01346888118,-0.012550987759999997,-0.029727709565000003,0.0024
42,0.0032598077549999983,2005-08-01,0.0296163324,0.0279340108,0.019247816845,-1.22,-0.0122,-0.97,1.32,0.3,-0.01,-0.0127,0.0102,1.133458263,1.249476354,1.245469486,1.049341747,0.0002598077549999982,0.0266163324,0.0249340108,0.016247816845000002,0.003
43,-0.010289404865000002,2005-09-01,-0.022427042129999998,-0.0013540556000000026,-0.006650450754999999,0.49,0.0049,-0.65,0.71,0.29,0.01,-0.0094,0.0042,1.139012208,1.237731277,1.250700458,1.056608342,-0.013189404865000002,-0.025327042129999998,-0.0042540556000000024,-0.009550450754999999,0.0029
44,0.05986407306,2005-10-01,0.058536831080000004,0.06944274035999999,0.052620042029999994,-2.02,-0.0202,-1.25,0.42,0.27,-0.02,-0.0152,0.0015,1.116004162,1.218917761,1.252576509,1.037695058,0.05716407306,0.05583683108,0.06674274036,0.04992004202999999,0.0027
45,0.025551254850000003,2005-11-01,0.024756962100000002,-0.0024964796799999997,0.009985123255000002,3.61,0.0361,0.99,-1.16,0.31,0.03,0.0068,-0.0147,1.156291912,1.227206402,1.234163634,1.073579838,0.022451254850000005,0.021656962100000003,-0.00559647968,0.006885123255000002,0.0031
46,0.0313139572495,2005-12-01,0.040923410729,0.05642026039999999,0.037974852760000004,-0.25,-0.0025,-0.42,0.2,0.32,0.0,-0.0074,-0.0012,1.153401182,1.218125075,1.232682638,1.072556877,0.0281139572495,0.037723410729,0.05322026039999999,0.03477485276,0.0032
47,0.00012255666000000193,2006-01-01,-0.009672012079999997,0.030146652680000007,-0.009572584329999998,3.04,0.0304,5.39,1.08,0.35,0.03,0.0504,0.0073,1.188464578,1.279518578,1.241681221,1.099529496,-0.0033774433399999977,-0.013172012079999997,0.026646652680000008,-0.013072584329999998,0.0034999999999999996
48,0.024392691680000002,2006-02-01,0.027788073150000002,0.0128837904,0.020914773230000003,-0.3,-0.003,-0.38,-0.34,0.34,0.0,-0.0072,-0.0068,1.184899184,1.270306045,1.233237789,1.100027576,0.02099269168,0.02438807315,0.009483790399999999,0.017514773230000003,0.0034000000000000002
49,-0.0013663856249999996,2006-03-01,-0.007205337629999998,-0.026358390860000004,0.0061889626550000005,1.46,0.0146,3.44,0.6,0.37,0.01,0.0307,0.0023,1.202198712,1.30930444,1.236074235,1.112166088,-0.005066385624999999,-0.010905337629999998,-0.030058390860000006,0.0024889626550000004,0.0037
50,-0.0012760110449999986,2006-04-01,0.009501009560000006,0.006849222600000007,0.001879824505000004,0.73,0.0073,-1.42,2.34,0.36,0.01,-0.0178,0.0198,1.210974763,1.285998821,1.260548505,1.125603694,-0.004876011044999998,0.005901009560000006,0.0032492226000000067,-0.0017201754949999959,0.0036
51,0.011804155385000003,2006-05-01,-0.008170869130000001,0.00552860514,0.02104650205,-3.57,-0.0357,-2.96,2.41,0.43,-0.03,-0.0339,0.0198,1.167742964,1.242403461,1.285507366,1.090254207,0.0075041553850000026,-0.012470869130000001,0.0012286051400000001,0.01674650205,0.0043
52,-0.03175191325,2006-06-01,-0.013514180400000004,0.0231820996,-0.00415844705,-0.35,-0.0035,-0.39,0.85,0.4,0.0,-0.0079,0.0045,1.163655864,1.232588474,1.291292149,1.090348628,-0.03575191325,-0.017514180400000003,0.0191820996,-0.00815844705,0.004
53,0.033684370490000004,2006-07-01,0.045711591880000006,0.06351103198000001,0.0010601054849999972,-0.78,-0.0078,-3.98,2.6,0.4,0.01,-0.0438,0.022,1.154579348,1.178601099,1.319700576,1.095879884,0.029684370490000004,0.04171159188000001,0.059511031980000004,-0.002939894515000003,0.004
54,0.029318307425000006,2006-08-01,0.031195444,0.027222069000000005,0.0073997397399999994,2.03,0.0203,1.03,-2.06,0.42,0.02,0.0061,-0.0248,1.178017309,1.185790565,1.286972002,1.118949388,0.025118307425000007,0.026995444,0.023022069000000006,0.0031997397399999997,0.0042
55,0.04349680526300001,2006-09-01,0.058796262748000004,0.06263304809600001,0.03752924675,1.84,0.0184,-1.36,0.08,0.41,0.02,-0.0177,-0.0033,1.199692827,1.164802072,1.282724994,1.146105592,0.03939680526300001,0.054696262748000005,0.05853304809600001,0.03342924675,0.0040999999999999995
56,0.03162356680000001,2006-10-01,0.044023774,0.053469724999999996,0.018159950855000002,3.23,0.0323,1.75,-0.31,0.41,0.03,0.0134,-0.0072,1.238442905,1.18041042,1.273489374,1.181659892,0.02752356680000001,0.039923774,0.049369724999999996,0.014059950855000003,0.0040999999999999995
57,0.011608090330000003,2006-11-01,0.01798337979,0.02418396478,-0.013482506405000002,1.71,0.0171,0.7,0.14,0.42,0.02,0.0028,-0.0028,1.259620279,1.183715569,1.269923604,1.200959359,0.007408090330000003,0.013783379790000001,0.019983964780000002,-0.017682506405000003,0.0042
58,0.024221556715000002,2006-12-01,0.019499071530000002,0.020327397780000003,0.020451875560000003,0.87,0.0087,-1.14,2.73,0.4,0.01,-0.0154,0.0233,1.270578976,1.165486349,1.299512824,1.216015589,0.020221556715000002,0.015499071530000002,0.016327397780000003,0.016451875560000002,0.004
59,0.0015816397400000026,2007-01-01,0.00871415323,-0.0010777037399999946,0.0072217011295,1.4,0.014,0.13,-0.68,0.44,0.01,-0.0031,-0.0112,1.288367081,1.161873342,1.28495828,1.232992593,-0.002818360259999998,0.00431415323,-0.005477703739999995,0.0028217011294999995,0.0044
60,-0.004760149540000001,2007-02-01,-0.0013684690800000007,0.0004434624000000005,0.023500467610000002,-1.96,-0.0196,1.19,-0.14,0.38,-0.02,0.0081,-0.0052,1.263115086,1.171284516,1.278276497,1.205757875,-0.00856014954,-0.005168469080000001,-0.0033565375999999995,0.01970046761,0.0038
61,0.034242271430000006,2007-03-01,0.0343573334,0.019164013000000004,0.036208709384999996,0.68,0.0068,0.16,-0.97,0.43,0.01,-0.0027,-0.014,1.271704269,1.168122048,1.260380626,1.217731634,0.029942271430000007,0.030057333400000004,0.014864013000000004,0.031908709385,0.0043
62,0.04054297137,2007-04-01,0.01927943353,0.007091519559999998,0.03371788339500001,3.49,0.0349,-2.16,-1.45,0.44,0.04,-0.026,-0.0189,1.316086748,1.137750874,1.236559433,1.269338902,0.03614297137,0.01487943353,0.0026915195599999976,0.029317883395000008,0.0044
63,-0.006879610286000001,2007-05-01,-0.013188676972,-0.011683015739999998,-0.021506712824999996,3.24,0.0324,0.24,-0.65,0.41,0.03,-0.0017,-0.0106,1.358727959,1.135816698,1.223451903,1.309996745,-0.010979610286,-0.017288676971999997,-0.015783015739999996,-0.025606712824999996,0.0040999999999999995
64,-0.037269457425,2007-06-01,-0.034651423230000006,-0.011243486059999998,-0.026770357215,-1.96,-0.0196,0.74,-1.05,0.4,-0.02,0.0034,-0.0145,1.332096891,1.139678475,1.20571185,1.286447025,-0.041269457425,-0.03865142323000001,-0.015243486059999999,-0.030770357215,0.004
65,0.017567637335,2007-07-01,0.009593815770000002,-0.0196026194,0.029251062090000002,-3.73,-0.0373,-2.61,-3.71,0.4,-0.03,-0.0301,-0.0411,1.282409677,1.105374153,1.156157093,1.244631706,0.013567637335,0.0055938157700000015,-0.0236026194,0.02525106209,0.004
66,0.055122715247000006,2007-08-01,0.03729341020000001,0.04411899980000001,0.059373668925000005,0.92,0.0092,-0.12,-1.86,0.42,0.01,-0.0054,-0.0228,1.294207846,1.099405132,1.129796711,1.26054004,0.050922715247000004,0.033093410200000006,0.03991899980000001,0.055173668925,0.0042
67,0.02192314789,2007-09-01,0.027000864280000002,0.016109364,0.024676421079999997,3.22,0.0322,-2.23,-2.21,0.32,0.04,-0.0255,-0.0253,1.335881338,1.071370301,1.101212854,1.304871069,0.01872314789,0.02380086428,0.012909364000000001,0.021476421079999995,0.0032
68,-0.04094007940000001,2007-10-01,-0.022773138700000004,-0.020363168200000004,-0.043735480040000003,1.8,0.018,0.08,-2.98,0.32,0.01,-0.0024,-0.033,1.359927202,1.068799013,1.06487283,1.324070365,-0.04414007940000001,-0.025973138700000006,-0.023563168200000005,-0.046935480040000005,0.0032
69,-0.006784615210000001,2007-11-01,-0.0017921278200000012,-0.015714452500000003,-0.0011511805275000006,-4.83,-0.0483,-2.93,-0.94,0.34,-0.05,-0.0327,-0.0128,1.294242718,1.033849285,1.051242458,1.264430543,-0.010184615210000001,-0.0051921278200000014,-0.019114452500000004,-0.0045511805275,0.0034000000000000002
70,-0.027220656975,2007-12-01,-0.031155305930000002,-0.04043670358,-0.033068162365,-0.87,-0.0087,0.13,-0.55,0.27,-0.01,-0.0014,-0.0082,1.282982807,1.032401896,1.04262227,1.253473076,-0.029920656975,-0.03385530593,-0.04313670358,-0.035768162365,0.0027
71,-0.038508206705,2008-01-01,-0.028893536519999995,-0.06829815964000001,-0.013253908629999995,-6.36,-0.0636,-1.03,3.97,0.21,-0.06,-0.0124,0.0376,1.2013851,1.019600112,1.081824867,1.17436149,-0.040608206705,-0.030993536519999997,-0.07039815964000001,-0.015353908629999994,0.0021
72,-0.01070970205,2008-02-01,-0.019150697400000003,-0.0712657538,0.011964427587999997,-3.09,-0.0309,-0.43,-0.84,0.13,-0.04,-0.0056,-0.0097,1.164262301,1.013890352,1.071331166,1.132812924,-0.012009702050000001,-0.020450697400000002,-0.0725657538,0.010664427587999997,0.0013
73,0.06197838483500001,2008-03-01,0.06406596194000001,0.07936428068000001,0.023422346335000004,-0.93,-0.0093,0.71,0.3,0.17,-0.01,0.0054,0.0013,1.153434661,1.01936536,1.072723897,1.126041634,0.06027838483500001,0.06236596194000001,0.07766428068,0.021722346335000003,0.0017000000000000001
74,0.045769257853999996,2008-04-01,0.019130490260000004,-0.009572376,0.035038726914,4.6,0.046,-1.72,-0.94,0.18,0.05,-0.019,-0.0112,1.206492656,0.999997418,1.060709389,1.178347326,0.04396925785399999,0.017330490260000005,-0.011372376,0.033238726914,0.0018
75,-0.09802123425,2008-05-01,-0.12077786830000001,-0.17915810000000001,-0.08923229422,1.86,0.0186,2.96,-1.43,0.18,0.01,0.0278,-0.0161,1.228933419,1.027797346,1.043631968,1.190858531,-0.09982123425,-0.1225778683,-0.1809581,-0.09103229421999999,0.0018
76,-0.015588425520000001,2008-06-01,-0.016919045539999997,-0.02761877019999999,-0.022133319385000003,-8.44,-0.0844,1.23,-2.71,0.17,-0.09,0.0106,-0.0288,1.125211439,1.038691998,1.013575367,1.083819938,-0.01728842552,-0.018619045539999997,-0.02931877019999999,-0.023833319385000003,0.0017000000000000001
77,0.028890482472000004,2008-07-01,0.0479198501,0.0575404324,0.022886838244499996,-0.77,-0.0077,2.61,5.42,0.15,-0.01,0.0246,0.0527,1.11654731,1.064243821,1.066990789,1.073081124,0.027390482472000002,0.0464198501,0.0560404324,0.021386838244499995,0.0015
78,-0.11630470311999999,2008-08-01,-0.16414744954,-0.19403981047999996,-0.09838646296500002,1.53,0.0153,3.6,1.59,0.13,0.01,0.0347,0.0146,1.133630484,1.101173082,1.082568854,1.086083431,-0.11760470311999999,-0.16544744953999999,-0.19533981047999996,-0.09968646296500001,0.0013
79,-0.20149711805000003,2008-09-01,-0.19197308800000001,-0.22383332840000003,-0.22818304095,-9.24,-0.0924,-1.23,5.91,0.15,-0.1,-0.0138,0.0576,1.028883028,1.085976893,1.14492482,0.982709155,-0.20299711805000004,-0.19347308800000002,-0.22533332840000003,-0.22968304095,0.0015
80,-0.04734539109500001,2008-10-01,-0.06688489939,-0.10579293499999999,-0.054937029285,-17.23,-0.1723,-2.6,-2.3,0.08,-0.19,-0.0268,-0.0238,0.851606482,1.056872712,1.11767561,0.800282481,-0.04814539109500001,-0.06768489939,-0.10659293499999999,-0.055737029285,0.0008
81,0.04918727051150001,2008-11-01,0.03382941475,0.10296443700000002,0.09888619453000001,-7.86,-0.0786,-2.85,-6.31,0.03,-0.08,-0.0288,-0.0634,0.784670212,1.026434778,1.046814976,0.738021827,0.048887270511500006,0.03352941475,0.10266443700000003,0.09858619453000002,0.0003
82,-0.08364728808900002,2008-12-01,-0.056621710000000006,-0.039291209800000004,-0.058996428664000004,1.74,0.0174,3.46,0.14,0.0,0.01,0.0346,0.0014,0.798323474,1.061949422,1.048280517,0.743771855,-0.08364728808900002,-0.056621710000000006,-0.039291209800000004,-0.058996428664000004,0.0
83,-0.027717881889999997,2009-01-01,0.005333864899999997,0.0361650256,-0.0778435417,-8.12,-0.0812,0.07,-11.29,0.0,-0.09,0.0007,-0.1129,0.733499608,1.062692786,0.929929647,0.677167171,-0.027717881889999997,0.005333864899999997,0.0361650256,-0.0778435417,0.0
84,0.12406721341500002,2009-02-01,0.12277109439999999,0.13253271419999998,0.09313077827000002,-10.1,-0.101,0.05,-6.95,0.01,-0.12,0.0004,-0.0696,0.659416148,1.063117863,0.865206543,0.598306622,0.12396721341500001,0.12267109439999999,0.1324327142,0.09303077827000002,0.0001
85,0.13145548875000002,2009-03-01,0.10364184860000002,0.06442878140000001,0.11869881905000003,8.95,0.0895,0.03,3.47,0.02,0.08,0.0001,0.0345,0.718433893,1.063224175,0.895056169,0.647339487,0.13125548875,0.10344184860000001,0.0642287814,0.11849881905000002,0.0002
86,0.06266465613500001,2009-04-01,0.11878509520000001,0.17310609660000004,0.026370492199999998,10.18,0.1018,5.4,5.36,0.01,0.09,0.0539,0.0535,0.791570463,1.120531958,0.942941674,0.705452587,0.06256465613500001,0.11868509520000001,0.17300609660000005,0.0262704922,0.0001
87,0.022058309199999997,2009-05-01,0.0438045203,0.09961586380000001,-0.006208947985000002,5.21,0.0521,-2.52,0.28,0.0,0.05,-0.0252,0.0028,0.832811284,1.092294553,0.945581911,0.741938989,0.022058309199999997,0.0438045203,0.09961586380000001,-0.006208947985000002,0.0
88,0.09363567700000001,2009-06-01,0.0756378771,0.0970947496,0.14747787437000004,0.43,0.0043,2.63,-2.73,0.01,0.0,0.0262,-0.0274,0.836392373,1.12091267,0.919672966,0.742084272,0.09353567700000001,0.0755378771,0.0969947496,0.14737787437000005,0.0001
89,0.0423488103,2009-07-01,0.027961747900000004,0.0222203674,0.054819597975000016,7.72,0.0772,1.87,4.83,0.01,0.07,0.0186,0.0482,0.900961864,1.141761646,0.964001203,0.795159606,0.042248810299999995,0.027861747900000004,0.0221203674,0.05471959797500001,0.0001
90,0.044637819455000005,2009-08-01,0.05156489878,0.029432011759999998,0.11640169758600001,3.33,0.0333,-1.08,7.63,0.01,0.03,-0.0109,0.0762,0.930963894,1.129316444,1.037458095,0.821407285,0.044537819455,0.05146489878,0.02933201176,0.11630169758600001,0.0001
91,0.004498732800000002,2009-09-01,-0.01530355695,-0.012282399899999994,-0.03915854386,4.08,0.0408,2.43,1.05,0.01,0.04,0.0242,0.0104,0.968947221,1.156645902,1.048247659,0.850238767,0.004398732800000002,-0.01540355695,-0.012382399899999993,-0.03925854386,0.0001
92,0.08138376384000001,2009-10-01,0.057604213380000005,0.04720008596,0.058283974905,-2.59,-0.0259,-4.35,-4.21,0.0,-0.02,-0.0435,-0.0421,0.943851488,1.106331805,1.004116433,0.833268115,0.08138376384000001,0.057604213380000005,0.04720008596,0.058283974905,0.0
93,0.037984194335000006,2009-11-01,0.06388631780000001,0.1108995264,0.07611910727000001,5.56,0.0556,-2.4,-0.34,0.0,0.06,-0.024,-0.0034,0.996329631,1.079779842,1.000702437,0.879746991,0.037984194335000006,0.06388631780000001,0.1108995264,0.07611910727000001,0.0
94,-0.012740715456500002,2009-12-01,-0.008353385000000001,-0.012390579800000003,-0.024538705500000004,2.75,0.0275,6.05,-0.17,0.01,0.02,0.0604,-0.0018,1.023728695,1.144998544,0.998901172,0.895243335,-0.012840715456500002,-0.008453385,-0.012490579800000002,-0.024638705500000004,0.0001
95,0.04217005544500001,2010-01-01,0.04989244545,0.07091062719999999,0.05009651736,-3.36,-0.0336,0.4,0.43,0.0,-0.04,0.004,0.0043,0.989331411,1.149578538,1.003196448,0.861514916,0.04217005544500001,0.04989244545,0.07091062719999999,0.05009651736,0.0
96,0.047643918,2010-02-01,0.049865709700000004,0.047530172200000005,0.06628860916000001,3.4,0.034,1.19,3.23,0.0,0.03,0.0119,0.0323,1.022968679,1.163258523,1.035599693,0.885736188,0.047643918,0.049865709700000004,0.047530172200000005,0.06628860916000001,0.0
97,0.04871918137000001,2010-03-01,0.04701194684,0.04695971688,0.02605102804,6.31,0.0631,1.48,2.21,0.01,0.06,0.0147,0.022,1.087518003,1.180358423,1.058382886,0.936340741,0.04861918137000001,0.046911946839999996,0.04685971688,0.02595102804,0.0001
98,-0.071189681923,2010-04-01,-0.0734603786,-0.03809551680000001,-0.06691595373999999,2.0,0.02,4.87,2.89,0.01,0.01,0.0486,0.0288,1.109268363,1.237723842,1.088864313,0.950059508,-0.071289681923,-0.0735603786,-0.03819551680000001,-0.06701595374,0.0001
99,-0.03635486511,2010-05-01,-0.03050876387,-0.03220430116,-0.05077348885500001,-7.89,-0.0789,0.09,-2.44,0.01,-0.09,0.0008,-0.0245,1.021747089,1.238714022,1.062187137,0.868799347,-0.036454865110000005,-0.03060876387,-0.03230430116,-0.05087348885500001,0.0001
100,0.075796303915,2010-06-01,0.06347305163,0.057773819059999995,0.07263483133,-5.57,-0.0557,-1.82,-4.7,0.01,-0.06,-0.0183,-0.0471,0.964835776,1.216045555,1.012158123,0.820677959,0.075696303915,0.06337305163,0.05767381905999999,0.07253483133,0.0001
101,-0.03817817354295,2010-07-01,-0.03963967081999999,-0.048742634800000004,-0.040080021297950005,6.93,0.0693,0.2,-0.31,0.01,0.07,0.0019,-0.0032,1.031698896,1.218356042,1.008919217,0.875265996,-0.03827817354295,-0.039739670819999996,-0.04884263480000001,-0.04018002129795001,0.0001
102,0.0895262845725,2010-08-01,0.10487056394500002,0.14183182889,0.11276071315000002,-4.77,-0.0477,-3.0,-1.9,0.01,-0.05,-0.0301,-0.0191,0.982486858,1.181683525,0.98964886,0.832717737,0.0894262845725,0.10477056394500002,0.14173182889000002,0.11266071315000002,0.0001
103,0.04061313264,2010-09-01,0.04669818188,0.04649723276,0.025597277415000005,9.54,0.0954,3.96,-3.16,0.01,0.08,0.0395,-0.0317,1.076216105,1.228360024,0.958276991,0.902606467,0.04051313264,0.04659818188,0.04639723276,0.025497277415000005,0.0001
104,-0.021756751360000003,2010-10-01,-0.009993033050000003,-0.022269441100000002,0.022468628965000004,3.88,0.0388,1.14,-2.43,0.01,0.04,0.0113,-0.0244,1.117973289,1.242240492,0.934895033,0.935274504,-0.021856751360000003,-0.010093033050000002,-0.0223694411,0.022368628965000005,0.0001
105,0.05572991084500001,2010-11-01,0.0755729866,0.06783839879999999,0.08157393913500001,0.6,0.006,3.77,-0.96,0.01,0.0,0.0376,-0.0097,1.124681129,1.288948735,0.925826551,0.933130004,0.055629910845000005,0.0754729866,0.06773839879999999,0.081473939135,0.0001
106,0.04305496128,2010-12-01,0.045149925,0.0532992338,0.023124892780000003,6.82,0.0682,0.73,3.7,0.01,0.06,0.0072,0.0369,1.201384382,1.298229166,0.959989551,0.992156558,0.042954961279999995,0.045049925,0.053199233799999995,0.023024892780000004,0.0001
107,0.021048921349999996,2011-01-01,0.016418096870000003,0.043601465340000006,0.05062889142000001,1.99,0.0199,-2.5,0.83,0.01,0.02,-0.0251,0.0082,1.225291931,1.265643614,0.967861465,1.014373905,0.020948921349999997,0.016318096870000003,0.04350146534,0.050528891420000006,0.0001
108,0.003677624465000001,2011-02-01,-0.02201604714,-0.06326093808,0.0010419959100000007,3.49,0.0349,1.53,1.27,0.01,0.03,0.0152,0.0126,1.26805462,1.284881396,0.980056519,1.046282655,0.0035776244650000013,-0.02211604714,-0.06336093808,0.0009419959100000006,0.0001
109,0.033807543514999996,2011-03-01,0.0263858301,0.0313497522,0.037115327190000005,0.46,0.0046,2.54,-1.83,0.01,0.0,0.0253,-0.0184,1.273887671,1.317388896,0.96202348,1.045186307,0.033707543514999994,0.0262858301,0.031249752199999998,0.03701532719,0.0001
110,-0.006202336054000002,2011-04-01,-0.021485421418,-0.026700084120000002,-0.028235184194000004,2.9,0.029,-0.38,-2.43,0.0,0.03,-0.0038,-0.0243,1.310830413,1.312382818,0.938646309,1.074552819,-0.006202336054000002,-0.021485421418,-0.026700084120000002,-0.028235184194000004,0.0
111,-0.0108527873585,2011-05-01,-0.01036879273,-0.004507365199999997,-0.0219165383735,-1.27,-0.0127,-0.59,-2.12,0.0,-0.01,-0.0059,-0.0212,1.294182867,1.304639759,0.918747007,1.059946536,-0.0108527873585,-0.01036879273,-0.004507365199999997,-0.0219165383735,0.0
112,-0.056029496789999994,2011-06-01,-0.08976751461,-0.08874098182,-0.03985619507,-1.75,-0.0175,-0.12,-0.42,0.0,-0.02,-0.0012,-0.0042,1.271534667,1.303074192,0.91488827,1.040415714,-0.056029496789999994,-0.08976751461,-0.08874098182,-0.03985619507,0.0
113,0.004976532619999997,2011-07-01,0.010320230209999998,0.03883645778,-0.08264177824900001,-2.35,-0.0235,-1.26,-0.9,0.0,-0.02,-0.0126,-0.009,1.241653602,1.286655457,0.906654275,1.017829988,0.004976532619999997,0.010320230209999998,0.03883645778,-0.08264177824900001,0.0
114,-0.036861085679999996,2011-08-01,-0.04710388756,-0.05246194532,-0.10063276550000003,-5.99,-0.0599,-3.05,-2.36,0.01,-0.06,-0.0306,-0.0237,1.167278552,1.2472838,0.885166569,0.958320021,-0.03696108568,-0.047203887560000005,-0.052561945320000004,-0.10073276550000003,0.0001
115,0.11017202782500002,2011-09-01,0.15413136090000001,0.20251202560000003,0.15834291904999998,-7.59,-0.0759,-3.31,-1.72,0.0,-0.07,-0.0331,-0.0172,1.07868211,1.205998706,0.869941704,0.886956682,0.11017202782500002,0.15413136090000001,0.20251202560000003,0.15834291904999998,0.0
116,-0.006679908494999999,2011-10-01,0.009196982510000002,-0.02074465948,0.0024929440050000013,11.35,0.1135,3.28,0.1,0.0,0.1,0.0328,0.001,1.201112529,1.245555464,0.870811646,0.977698197,-0.006679908494999999,0.009196982510000002,-0.02074465948,0.0024929440050000013,0.0
117,0.0237501337005,2011-11-01,0.011668878201,0.0184395528,0.012470143290499997,-0.28,-0.0028,-0.16,-0.46,0.0,-0.01,-0.0016,-0.0046,1.197749414,1.243562575,0.866805912,0.972739817,0.0237501337005,0.011668878201,0.0184395528,0.012470143290499997,0.0
118,-0.004154415170000001,2011-12-01,-0.0316701426,-0.0953931444,0.07699702876000002,0.74,0.0074,-0.59,1.63,0.0,0.01,-0.0059,0.0163,1.20661276,1.236225556,0.880934849,0.981004753,-0.004154415170000001,-0.0316701426,-0.0953931444,0.07699702876000002,0.0
119,0.042815026939999994,2012-01-01,0.06678086368,0.06612748936000001,0.039464937865,5.05,0.0505,2.04,-0.97,0.0,0.04,0.0204,-0.0097,1.267546704,1.261444557,0.872389781,1.022854415,0.042815026939999994,0.06678086368,0.06612748936000001,0.039464937865,0.0
120,0.03493003315499999,2012-02-01,0.05341972311,0.057752556,0.009334532266500002,4.42,0.0442,-1.85,0.43,0.0,0.04,-0.0185,0.0043,1.323572268,1.238107833,0.876141057,1.063551062,0.03493003315499999,0.05341972311,0.057752556,0.009334532266500002,0.0
121,-0.015276432429999999,2012-03-01,-0.007859979889999999,-0.0570809072,-0.01230101322,3.11,0.0311,-0.64,1.14,0.0,0.03,-0.0064,0.0114,1.364735366,1.230183943,0.886129065,1.096363246,-0.015276432429999999,-0.007859979889999999,-0.0570809072,-0.01230101322,0.0
122,-0.036463280966500006,2012-04-01,-0.033399412563,-0.039920168526,-0.045819433791500004,-0.85,-0.0085,-0.42,-0.78,0.0,-0.01,-0.0042,-0.0078,1.353135115,1.22501717,0.879217258,1.088112296,-0.036463280966500006,-0.033399412563,-0.039920168526,-0.045819433791500004,0.0
123,0.0282398219945,2012-05-01,0.028197039540000003,0.011357438600000004,0.0517865293,-6.19,-0.0619,0.07,-1.07,0.01,-0.06,0.0006,-0.0108,1.269376052,1.22575218,0.869721712,1.017712246,0.028139821994500002,0.028097039540000004,0.011257438600000004,0.0516865293,0.0001
124,0.01682657651,2012-06-01,0.010063555129999999,0.03785696806,-0.004276374155,3.89,0.0389,0.67,0.62,0.0,0.04,0.0067,0.0062,1.31875478,1.23396472,0.875113986,1.057192013,0.01682657651,0.010063555129999999,0.03785696806,-0.004276374155,0.0
125,0.02415515586,2012-07-01,0.010571413900000003,0.02129844580000001,0.03697039144,0.79,0.0079,-2.74,-0.02,0.0,0.01,-0.0274,-0.0002,1.329172943,1.200154087,0.874938963,1.070426945,0.02415515586,0.010571413900000003,0.02129844580000001,0.03697039144,0.0
126,0.010504530322000001,2012-08-01,-0.0009504988199999999,-0.010250895860000001,0.04244263135500001,2.55,0.0255,0.47,1.3,0.01,0.02,0.0046,0.0129,1.363066853,1.205674795,0.886225676,1.091375845,0.010404530322000002,-0.00105049882,-0.01035089586,0.04234263135500001,0.0001
127,0.0020582803800000002,2012-09-01,0.019103667190000003,0.053356826200000006,-0.017139605175000003,2.73,0.0273,0.5,1.6,0.01,0.02,0.0049,0.0159,1.400278578,1.211582602,0.900316664,1.117511085,0.0019582803800000004,0.019003667190000004,0.0532568262,-0.017239605175000002,0.0001
128,0.0429204878905,2012-10-01,0.033643758100000004,0.0371744698,0.0356311946805,-1.76,-0.0176,-1.15,3.59,0.01,-0.02,-0.0116,0.0358,1.375633675,1.197528244,0.932548001,1.095174456,0.0428204878905,0.0335437581,0.037074469799999996,0.0355311946805,0.0001
129,0.0023705940700000008,2012-11-01,0.010665447700000004,0.0216212136,0.007158209154999999,0.78,0.0078,0.63,-0.84,0.01,0.0,0.0062,-0.0085,1.386363617,1.204952919,0.924621343,1.098287664,0.002270594070000001,0.010565447700000005,0.021521213600000002,0.007058209154999999,0.0001
130,0.05828675984,2012-12-01,0.07361954318,0.07565868296,0.06848553259,1.18,0.0118,1.48,3.51,0.01,0.01,0.0147,0.035,1.402722708,1.222665727,0.95698309,1.106023395,0.05818675984,0.07351954318,0.07555868296,0.06838553258999999,0.0001
131,0.028004277285,2013-01-01,0.02181628556,0.018531833980000002,0.0014808768099999993,5.57,0.0557,0.33,0.96,0.0,0.05,0.0033,0.0096,1.480854363,1.226700524,0.966170127,1.160437269,0.028004277285,0.02181628556,0.018531833980000002,0.0014808768099999993,0.0
132,0.03083663374,2013-02-01,0.027426629990000003,0.014083950999999999,0.027543315724999996,1.29,0.0129,-0.27,0.11,0.0,0.01,-0.0027,0.0011,1.499957384,1.223388432,0.967232915,1.173201942,0.03083663374,0.027426629990000003,0.014083950999999999,0.027543315724999996,0.0
133,0.0266682917405,2013-03-01,0.025147271950000005,0.034123095420000006,0.016722590844999996,4.03,0.0403,0.81,-0.19,0.0,0.04,0.0081,-0.0019,1.560405667,1.233297879,0.965395172,1.214680927,0.0266682917405,0.025147271950000005,0.034123095420000006,0.016722590844999996,0.0
134,0.024417447045,2013-04-01,0.018935923139999998,0.03219759328,0.035518784265000006,1.55,0.0155,-2.37,0.45,0.0,0.02,-0.0237,0.0045,1.584591955,1.204068719,0.96973945,1.236453065,0.024417447045,0.018935923139999998,0.03219759328,0.035518784265000006,0.0
135,-0.011342489145,2013-05-01,-0.00032622265999999946,-0.003747984739999999,-0.0009690898000000019,2.8,0.028,1.7,2.63,0.0,0.02,0.017,0.0263,1.628960529,1.224537887,0.995243598,1.261862392,-0.011342489145,-0.00032622265999999946,-0.003747984739999999,-0.0009690898000000019,0.0
136,0.05706273219000001,2013-06-01,0.059053748579999996,0.0640304494,0.03394352163000001,-1.2,-0.012,1.33,0.03,0.0,-0.02,0.0133,0.0003,1.609413003,1.240824241,0.995542171,1.242791925,0.05706273219000001,0.059053748579999996,0.0640304494,0.03394352163000001,0.0
137,-0.017703261276499998,2013-07-01,-0.011602704643,0.003127762933999999,-0.0219330190115,5.65,0.0565,1.87,0.57,0.0,0.05,0.0187,0.0057,1.700344838,1.264027654,1.001216761,1.302791132,-0.017703261276499998,-0.011602704643,0.003127762933999999,-0.0219330190115,0.0
138,0.030609242645,2013-08-01,0.023247701850000003,0.028593502300000004,0.055128171574999996,-2.71,-0.0271,0.27,-2.69,0.0,-0.03,0.0027,-0.0269,1.654265493,1.267440529,0.97428403,1.261364639,0.030609242645,0.023247701850000003,0.028593502300000004,0.055128171574999996,0.0
139,0.04472082195,2013-09-01,0.051808196699999996,0.0453336268,0.04364607554500001,3.77,0.0377,2.88,-1.22,0.0,0.03,0.0288,-0.0122,1.716631302,1.303942816,0.962397765,1.29834223,0.04472082195,0.051808196699999996,0.0453336268,0.04364607554500001,0.0
140,0.0259325483585,2013-10-01,0.04873428278,0.031620125160000005,0.01766263929,4.18,0.0418,-1.53,1.25,0.0,0.04,-0.0153,0.0125,1.78838649,1.283992491,0.974427737,1.354988873,0.0259325483585,0.04873428278,0.031620125160000005,0.01766263929,0.0
141,0.018016077760000002,2013-11-01,0.0181349394,0.002305621600000001,0.025703963400000005,3.13,0.0313,1.29,0.32,0.0,0.03,0.0129,0.0032,1.844362987,1.300555994,0.977545906,1.392472309,0.018016077760000002,0.0181349394,0.002305621600000001,0.025703963400000005,0.0
142,-0.04367370293,2013-12-01,-0.0583589612,-0.0821497826,-0.026768622275,2.81,0.0281,-0.46,-0.02,0.0,0.02,-0.0046,-0.0002,1.896189587,1.294573437,0.977350397,1.424902313,-0.04367370293,-0.0583589612,-0.0821497826,-0.026768622275,0.0
143,0.048316963709999994,2014-01-01,0.045839495300000005,0.0736109972,0.06162771176,-3.32,-0.0332,0.89,-2.07,0.0,-0.04,0.0089,-0.0207,1.833236093,1.30609514,0.957119244,1.373276113,0.048316963709999994,0.045839495300000005,0.0736109972,0.06162771176,0.0
144,0.01658289578,2014-02-01,0.01798473156,0.012232829,0.012727928190000003,4.65,0.0465,0.35,-0.31,0.0,0.04,0.0035,-0.0031,1.918481571,1.310666473,0.954152174,1.431246742,0.01658289578,0.01798473156,0.012232829,0.012727928190000003,0.0
145,0.0023979588,2014-03-01,0.003783028140000002,-0.014131782780000001,0.014517681221999998,0.43,0.0043,-1.81,4.93,0.0,0.01,-0.0181,0.0493,1.926731042,1.28694341,1.001191876,1.441134139,0.0023979588,0.003783028140000002,-0.014131782780000001,0.014517681221999998,0.0
146,0.026789281909999997,2014-04-01,0.0438560328,0.053508588999999995,0.029203747965,-0.19,-0.0019,-4.19,1.17,0.0,0.01,-0.0419,0.0117,1.923070253,1.233020481,1.012905821,1.450042727,0.026789281909999997,0.0438560328,0.053508588999999995,0.029203747965,0.0
147,0.026250208934999995,2014-05-01,0.03102664116,0.03770843532,0.022285498782,2.06,0.0206,-1.88,-0.13,0.0,0.02,-0.0188,-0.0013,1.9626855,1.209839696,1.011589044,1.480221303,0.026250208934999995,0.03102664116,0.03770843532,0.022285498782,0.0
148,-0.023307971939999998,2014-06-01,-0.04625470110000001,-0.043114567199999995,-0.019609503545000004,2.61,0.0261,3.09,-0.7,0.0,0.02,0.0309,-0.007,2.013911592,1.247223743,1.00450792,1.50816637,-0.023307971939999998,-0.04625470110000001,-0.043114567199999995,-0.019609503545000004,0.0
149,0.05590548738500001,2014-07-01,0.055840804,0.0689004972,0.048024934180000006,-2.04,-0.0204,-4.29,0.03,0.0,-0.02,-0.0429,0.0003,1.972827795,1.193717844,1.004809273,1.485250204,0.05590548738500001,0.055840804,0.0689004972,0.048024934180000006,0.0
150,-0.0002519147550000009,2014-08-01,-0.00459331332,-0.013218431999999999,-0.008181600724999998,4.24,0.0424,0.4,-0.45,0.0,0.04,0.004,-0.0045,2.056475694,1.198492716,1.000287631,1.540150502,-0.0002519147550000009,-0.00459331332,-0.013218431999999999,-0.008181600724999998,0.0
151,0.052480748555000005,2014-09-01,0.05680344877,0.07579415424000002,0.0489904493885,-1.97,-0.0197,-3.71,-1.34,0.0,-0.02,-0.0371,-0.0134,2.015963123,1.154028636,0.986883777,1.516069542,0.052480748555000005,0.05680344877,0.07579415424000002,0.0489904493885,0.0
152,0.04585856495500001,2014-10-01,0.04310554571,0.03129924222,0.045981905395,2.52,0.0252,4.21,-1.81,0.0,0.02,0.0421,-0.0181,2.066765393,1.202613241,0.96902118,1.550842712,0.04585856495500001,0.04310554571,0.03129924222,0.045981905395,0.0
153,0.015511452744999998,2014-11-01,0.02510282569,0.04580228868,0.0013146167649999993,2.55,0.0255,-2.06,-3.09,0.0,0.02,-0.0206,-0.0309,2.119467911,1.177839409,0.939078426,1.588431214,0.015511452744999998,0.02510282569,0.04580228868,0.0013146167649999993,0.0
154,-0.0135632451,2014-12-01,-0.028685447899999994,-0.0529818246,-0.009043257229000002,-0.06,-0.0006,2.49,2.27,0.0,0.0,0.0249,0.0227,2.11819623,1.20716761,0.960395506,1.581764079,-0.0135632451,-0.028685447899999994,-0.0529818246,-0.009043257229000002,0.0
155,0.05478455445,2015-01-01,0.057170722900000005,0.04829425280000001,0.06078692656500001,-3.11,-0.0311,-0.56,-3.58,0.0,-0.03,-0.0056,-0.0358,2.052320327,1.200407471,0.926013347,1.531886594,0.05478455445,0.057170722900000005,0.04829425280000001,0.06078692656500001,0.0
156,-0.002265833505,2015-02-01,-0.011468012,0.009766723200000002,-0.011768832895,6.13,0.0613,0.63,-1.86,0.0,0.05,0.0063,-0.0186,2.178127563,1.207970038,0.908789499,1.613748884,-0.002265833505,-0.011468012,0.009766723200000002,-0.011768832895,0.0
157,-0.009165683765,2015-03-01,-0.01036990803,0.0008125799000000006,-0.0194399437945,-1.12,-0.0112,3.04,-0.37,0.0,-0.02,0.0304,-0.0037,2.153732535,1.244692327,0.905426978,1.585428971,-0.009165683765,-0.01036990803,0.0008125799000000006,-0.0194399437945,0.0
158,0.022372591178,2015-04-01,0.0039450278359999995,0.00486330012,0.027438735413,0.59,0.0059,-3.06,1.82,0.0,0.01,-0.0306,0.0182,2.166439557,1.206604742,0.921905749,1.598880806,0.022372591178,0.0039450278359999995,0.00486330012,0.027438735413,0.0
159,-0.008997711975,2015-05-01,-0.014962131040000002,-0.021149595800000004,-0.026301719550000005,1.36,0.0136,0.93,-1.14,0.0,0.01,0.0093,-0.0114,2.195903135,1.217826166,0.911396023,1.615567981,-0.008997711975,-0.014962131040000002,-0.021149595800000004,-0.026301719550000005,0.0
160,0.053908618,2015-06-01,0.0594388363,0.020747869999999995,0.004986366719999998,-1.53,-0.0153,2.91,-0.79,0.0,-0.02,0.0291,-0.0079,2.162305817,1.253264908,0.904195994,1.581260326,0.053908618,0.0594388363,0.020747869999999995,0.004986366719999998,0.0
161,-0.047887203431,2015-07-01,-0.07025154812,-0.046810535040000004,-0.05016052655000001,1.54,0.0154,-4.17,-4.13,0.0,0.02,-0.0417,-0.0413,2.195605326,1.201003761,0.8668527,1.61217348,-0.047887203431,-0.07025154812,-0.046810535040000004,-0.05016052655000001,0.0
162,0.0011057745495000012,2015-08-01,-0.016683756580999996,-0.055114632761999995,-0.003055167050000002,-6.04,-0.0604,0.33,2.77,0.0,-0.06,0.0033,0.0277,2.062990765,1.204967074,0.89086452,1.507987226,0.0011057745495000012,-0.016683756580999996,-0.055114632761999995,-0.003055167050000002,0.0
163,0.07018626484,2015-09-01,0.07970619579,0.04843731358,0.055304578945000016,-3.07,-0.0307,-2.62,0.56,0.0,-0.03,-0.0262,0.0056,1.999656948,1.173396936,0.895853361,1.4675751,0.07018626484,0.07970619579,0.04843731358,0.055304578945000016,0.0
164,-0.013495432635999999,2015-10-01,-0.022802250090000004,-0.030853916600000003,0.008594190869999999,7.75,0.0775,-1.88,-0.46,0.0,0.08,-0.0188,-0.0046,2.154630362,1.151337074,0.891732436,1.584569223,-0.013495432635999999,-0.022802250090000004,-0.030853916600000003,0.008594190869999999,0.0
165,-0.043950083689999996,2015-11-01,-0.04346321226000001,-0.06225574200000002,-0.022016974265000003,0.56,0.0056,3.6,-0.42,0.0,0.0,0.036,-0.0042,2.166696292,1.192785208,0.887987159,1.58536917,-0.043950083689999996,-0.04346321226000001,-0.06225574200000002,-0.022016974265000003,0.0
166,-0.029786965383000002,2015-12-01,-0.02251488992,-0.02406012534,-0.046004445755,-2.17,-0.0217,-2.84,-2.61,0.01,-0.02,-0.0285,-0.0262,2.119678982,1.15879083,0.864721896,1.557330851,-0.029886965383,-0.02261488992,-0.024160125339999998,-0.046104445755,0.0001
167,0.019959987087500002,2016-01-01,0.022564483165000003,0.02694789191,0.0223045153245,-5.77,-0.0577,-3.42,2.09,0.01,-0.05,-0.0343,0.0208,1.997373505,1.119044305,0.882708111,1.476244308,0.019859987087500003,0.022464483165000004,0.02684789191,0.0222045153245,0.0001
168,0.051776999889999994,2016-02-01,0.045881180300000005,0.0637540788,0.06100471056000001,-0.07,-0.0007,0.73,-0.57,0.02,0.0,0.0071,-0.0059,1.995975343,1.126989519,0.877500133,1.470137232,0.051576999889999996,0.045681180300000006,0.0635540788,0.06080471056000001,0.0002
169,-0.0023604727530000496,2016-03-01,0.015248898404,0.05284905720000001,0.004941917649999999,6.96,0.0696,0.82,1.19,0.02,0.06,0.008,0.0117,2.134895227,1.136005435,0.887766885,1.56408633,-0.0025604727530000497,0.015048898404,0.05264905720000001,0.004741917649999999,0.0002
170,0.029290774160000005,2016-04-01,0.015925557750000003,0.010703043440000004,0.002691771595,0.91,0.0091,0.76,3.28,0.01,0.0,0.0075,0.0327,2.154322774,1.144525476,0.916796862,1.568302689,0.029190774160000005,0.015825557750000004,0.010603043440000005,0.0025917715950000003,0.0001
171,-0.0006347904199999993,2016-05-01,-0.0075001819799999985,-0.021818656799999996,0.010069812900000004,1.78,0.0178,-0.17,-1.66,0.01,0.02,-0.0018,-0.0167,2.192669719,1.14246533,0.901486354,1.592154085,-0.0007347904199999993,-0.007600181979999999,-0.021918656799999995,0.009969812900000005,0.0001
172,0.046696091270050005,2016-06-01,0.030392700930000002,0.04447803516,0.040343592563000005,-0.05,-0.0005,0.61,-1.48,0.02,0.0,0.0059,-0.015,2.191573384,1.149205876,0.887964059,1.593603633,0.046496091270050006,0.030192700930000003,0.04427803516,0.040143592563000007,0.0002
173,-0.018906201855000002,2016-07-01,-0.012595919219999998,-0.020151847699999996,-0.006042065899999999,3.95,0.0395,2.49,-1.32,0.02,0.03,0.0247,-0.0134,2.278140533,1.177591261,0.876065341,1.649364524,-0.019106201855,-0.012795919219999998,-0.020351847699999995,-0.006242065899999999,0.0002
174,-0.008037692165999998,2016-08-01,-0.02882538731,-0.05344719858,-0.0060244419209999995,0.49,0.0049,1.15,3.18,0.02,0.0,0.0113,0.0316,2.289303422,1.190898042,0.903749005,1.647352432,-0.008237692165999998,-0.029025387309999998,-0.05364719858,-0.006224441920999999,0.0002
175,-0.01150384479,2016-09-01,0.023581536728,0.04985718492,-0.043253669285,0.25,0.0025,2.12,-1.24,0.02,0.0,0.021,-0.0126,2.29502668,1.215906901,0.892361768,1.645317548,-0.011703844790000001,0.023381536728000002,0.04965718492,-0.043453669284999996,0.0002
176,0.042977642840000004,2016-10-01,0.04411068948000001,0.0732602774,0.042924599900000006,-2.02,-0.0202,-4.4,4.09,0.02,-0.02,-0.0442,0.0407,2.248667141,1.162163816,0.928680892,1.613041712,0.042777642840000005,0.04391068948000001,0.0730602774,0.04272459990000001,0.0002
177,0.019536424013,2016-11-01,0.024763993286000003,0.04277504276000001,-0.004975191065,4.86,0.0486,5.71,8.21,0.01,0.03,0.057,0.082,2.357952364,1.228407153,1.004832725,1.667245515,0.019436424013,0.024663993286000004,0.042675042760000004,-0.005075191065,0.0001
178,0.03707815249500001,2016-12-01,0.050767000500000006,0.045214500399999996,0.020957379349999996,1.81,0.0181,0.1,3.53,0.03,0.02,0.0007,0.035,2.400631302,1.229267038,1.040001871,1.697317794,0.03677815249500001,0.050467000500000005,0.044914500399999994,0.020657379349999994,0.0003
179,0.04815680630000001,2017-01-01,0.0470056383,0.0682608762,0.04300569495,1.94,0.0194,-1.19,-2.75,0.04,0.02,-0.0123,-0.0279,2.447203549,1.214147054,1.010985818,1.727404955,0.04775680630000001,0.0466056383,0.0678608762,0.04260569495,0.0004
180,0.006281063061999998,2017-02-01,-0.008865544400000001,-0.0008021996000000028,-0.009651286847,3.57,0.0357,-2.05,-1.67,0.04,0.04,-0.0209,-0.0171,2.534568716,1.18877138,0.993697961,1.790495135,0.005881063061999998,-0.0092655444,-0.0012021996000000027,-0.010051286847,0.0004
181,0.003951808070000001,2017-03-01,0.01395571854,0.0122961418,0.0085910934,0.17,0.0017,1.14,-3.35,0.03,0.0,0.0111,-0.0338,2.538877483,1.201966743,0.96011097,1.789798085,0.003651808070000001,0.01365571854,0.0119961418,0.0082910934,0.0003
182,0.0350626599,2017-04-01,0.024267194199999998,0.029625995,0.031299711075,1.09,0.0109,0.73,-2.13,0.05,0.01,0.0068,-0.0218,2.566551247,1.210140117,0.939180551,1.805996009,0.0345626599,0.023767194199999998,0.029125995,0.030799711075,0.0005
183,-0.032432519459999996,2017-05-01,-0.036695570190000006,-0.04953429754000001,-0.03380965004500001,1.06,0.0106,-2.57,-3.78,0.06,0.01,-0.0263,-0.0384,2.593756691,1.178313431,0.903116017,1.826782514,-0.03303251946,-0.03729557019000001,-0.05013429754000001,-0.03440965004500001,0.0006
184,0.0037157422020000037,2017-06-01,-0.01213531126,-0.02506485152,-0.0030699470444999987,0.78,0.0078,2.25,1.48,0.06,0.0,0.0219,0.0142,2.613987993,1.204118496,0.915940265,1.83555524,0.003115742202000004,-0.01273531126,-0.02566485152,-0.0036699470444999985,0.0006
185,-0.01042318279,2017-07-01,-0.024789277499999995,0.0316832834,-0.03606826364,1.87,0.0187,-1.51,-0.31,0.07,0.02,-0.0158,-0.0038,2.662869568,1.185093423,0.912459692,1.87073175,-0.011123182790000002,-0.025489277499999994,0.0309832834,-0.03676826364,0.0007000000000000001
186,0.036476980772999996,2017-08-01,0.042756159315,0.04771559022999999,0.0314937342275,0.16,0.0016,-1.67,-2.09,0.09,0.0,-0.0176,-0.0218,2.66713016,1.164235779,0.892568071,1.871753811,0.035576980773,0.041856159315,0.046815590229999995,0.0305937342275,0.0009
187,-0.004239548234999998,2017-09-01,-0.03299985124,-0.04145343848,-0.003754583974999996,2.51,0.0251,4.47,3.14,0.09,0.02,0.0438,0.0305,2.734075127,1.215229306,0.919791397,1.907539792,-0.005139548234999998,-0.03389985124,-0.04235343848,-0.004654583974999996,0.0009
188,0.0700481118,2017-10-01,0.03921018750000001,0.013574718600000002,0.05569989105,2.25,0.0225,-1.94,0.2,0.09,0.02,-0.0203,0.0011,2.795591817,1.190560151,0.920803167,1.949401896,0.06914811180000001,0.03831018750000001,0.012674718600000003,0.05479989105,0.0009
189,0.02169663728,2017-11-01,0.006363048820000002,-0.0018321053999999972,0.0299857033755,3.12,0.0312,-0.55,-0.03,0.08,0.03,-0.0063,-0.0011,2.882814282,1.183059622,0.919790284,2.003391586,0.02089663728,0.005563048820000002,-0.002632105399999997,0.029185703375500003,0.0008
190,0.056231981130000004,2017-12-01,0.04916553461999999,0.040436555639999996,0.056800645020000005,1.06,0.0106,-1.32,0.06,0.09,0.01,-0.0141,-0.0003,2.913372113,1.166378482,0.919514347,2.022991975,0.055331981130000006,0.048265534619999995,0.03953655564,0.05590064502000001,0.0009
191,-0.0480293092105,2018-01-01,-0.048579508931,-0.064268966202,-0.05141763899000001,5.57,0.0557,-3.13,-1.29,0.12,0.05,-0.0325,-0.0141,3.07564694,1.128471181,0.906549194,2.133563493,-0.0492293092105,-0.049779508931,-0.065468966202,-0.05261763899000001,0.0012
192,-0.007046910860000001,2018-02-01,-0.013551599407,-0.021433910614000004,-0.019362447605,-3.65,-0.0365,0.25,-1.04,0.11,-0.04,0.0014,-0.0115,2.963385827,1.130051041,0.896123879,2.048805303,-0.00814691086,-0.014651599407000001,-0.022533910614000004,-0.020462447605,0.0011
193,-0.011159711494999999,2018-03-01,-0.018055890150000004,-0.008973945040000004,-0.00436761707,-2.35,-0.0235,4.06,-0.21,0.11,-0.03,0.0395,-0.0032,2.89374626,1.174688057,0.893256282,1.99297021,-0.012259711494999999,-0.019155890150000004,-0.010073945040000004,-0.00546761707,0.0011
194,0.03533225421450001,2018-04-01,0.002705169059000003,0.020630781058,0.021833131305000003,0.28,0.0028,1.13,0.54,0.14,0.0,0.0099,0.004,2.901848749,1.186317469,0.896829307,1.998381347,0.03393225421450001,0.001305169059000003,0.019230781058000003,0.020433131305000005,0.0014000000000000002
195,0.016586149035000004,2018-05-01,0.027219257900000002,0.0236154888,0.0010113284050000003,2.65,0.0265,5.25,-3.2,0.14,0.02,0.0511,-0.0334,2.978747741,1.246938291,0.866875209,2.041103148,0.015186149035000004,0.025819257900000003,0.022215488800000002,-0.00038867159499999995,0.0014000000000000002
196,0.023704567609999998,2018-06-01,0.01109993549,0.011424769979999999,0.03909746460500001,0.48,0.0048,1.14,-2.34,0.14,0.0,0.01,-0.0248,2.99304573,1.259407674,0.845376703,2.050963132,0.02230456761,0.00969993549,0.010024769979999999,0.03769746460500001,0.0014000000000000002
197,0.006195250959999999,2018-07-01,-0.014295205760000002,0.01293603954,-0.005263068915000004,3.19,0.0319,-2.22,0.47,0.16,0.04,-0.0238,0.0031,3.088523889,1.229433772,0.847997371,2.123542574,0.004595250959999999,-0.015895205760000003,0.011336039539999999,-0.006863068915000004,0.0016
198,0.003433970244999999,2018-08-01,0.00585093659,0.00973188158,0.008916355115,3.44,0.0344,1.14,-3.94,0.16,0.03,0.0098,-0.041,3.194769111,1.241482222,0.813229479,2.186854556,0.0018339702449999991,0.0042509365900000005,0.00813188158,0.007316355115,0.0016
199,-0.08018745475,2018-09-01,-0.1098890376,-0.1170880494,-0.08621012780000002,0.06,0.0006,-2.27,-1.7,0.15,0.0,-0.0242,-0.0185,3.196685972,1.211438353,0.798184734,2.196225461,-0.08168745475,-0.1113890376,-0.1185880494,-0.08771012780000002,0.0015
200,0.054390486055000006,2018-10-01,0.08548253260000002,0.10089704680000001,0.039041044000000004,-7.68,-0.0768,-4.78,3.4,0.19,-0.07,-0.0497,0.0321,2.95118049,1.151229867,0.823806464,2.038252393,0.05249048605500001,0.08358253260000002,0.09899704680000002,0.037141044000000005,0.0019
201,-0.08998650732150001,2018-11-01,-0.07737189044300001,-0.06259292548600001,-0.08442398408650001,1.69,0.0169,-0.68,0.3,0.18,0.02,-0.0086,0.0012,3.00105544,1.14132929,0.824795031,2.074333082,-0.09178650732150001,-0.079171890443,-0.06439292548600001,-0.0862239840865,0.0018
202,0.09258739133750002,2018-12-01,0.090924269075,0.03990299719,0.10592813099,-9.57,-0.0957,-2.38,-1.84,0.2,-0.1,-0.0258,-0.0204,2.713854434,1.111882994,0.807969213,1.874646812,0.09058739133750002,0.08892426907499999,0.037902997189999996,0.10392813098999999,0.002
203,0.033746070245,2019-01-01,0.052075664800000004,0.0692637326,0.03652502939,8.4,0.084,2.9,-0.46,0.21,0.08,0.0269,-0.0067,2.941818207,1.141792647,0.802555819,2.016636601,0.031646070245000005,0.04997566480000001,0.0671637326,0.03442502939,0.0021
204,0.020828179220000003,2019-02-01,0.030481136800000003,0.03220094300000001,0.0378837608045,3.4,0.034,2.05,-2.67,0.18,0.03,0.0187,-0.0285,3.041840026,1.163144169,0.779682978,2.075715166,0.019028179220000004,0.028681136800000003,0.03040094300000001,0.036083760804499994,0.0018
205,0.040111783619999994,2019-03-01,0.0301396207,0.0479612016,0.009212501524000001,1.1,0.011,-3.05,-4.17,0.19,0.02,-0.0324,-0.0436,3.075300266,1.125458298,0.7456888,2.112591371,0.038211783619999995,0.028239620700000002,0.046061201600000004,0.007312501524000001,0.0019
206,-0.06676589911500001,2019-04-01,-0.0870413539,-0.08313258059999999,-0.06948824792,3.97,0.0397,-1.74,2.15,0.21,0.04,-0.0195,0.0194,3.197389687,1.103511861,0.760155163,2.194053605,-0.06886589911500002,-0.08914135390000001,-0.0852325806,-0.07158824792,0.0021
207,0.081129719445,2019-05-01,0.06099853269000001,0.07651953880000001,0.09568661315000002,-6.94,-0.0694,-1.32,-2.37,0.21,-0.07,-0.0153,-0.0258,2.975490842,1.08662813,0.74054316,2.044768248,0.079029719445,0.05889853269000001,0.0744195388,0.09358661315000001,0.0021
208,0.022951359194999996,2019-06-01,0.019980515590000004,0.03592374520000001,0.009016867960500004,6.93,0.0693,0.29,-0.71,0.18,0.07,0.0011,-0.0089,3.181692358,1.087823421,0.733952326,2.181069063,0.021151359194999997,0.018180515590000005,0.03412374520000001,0.007216867960500004,0.0018
209,-0.02947557358,2019-07-01,-0.07625872880000001,-0.11579812920000002,-0.0065331968000000035,1.19,0.0119,-1.93,0.48,0.19,0.01,-0.0212,0.0029,3.219554497,1.064761564,0.736080787,2.209516239,-0.03137557358,-0.07815872880000001,-0.11769812920000002,-0.008433196800000004,0.0019
210,0.05160151467850001,2019-08-01,0.06495219840000001,0.10198665900000002,0.0499445939385,-2.58,-0.0258,-2.38,-4.78,0.16,-0.02,-0.0254,-0.0494,3.136489991,1.03771662,0.699718396,2.169176422,0.05000151467850001,0.0633521984,0.10038665900000002,0.048344593938500005,0.0016
211,0.010596111105000002,2019-09-01,0.013993124000000001,0.0332601604,-0.011768393865,1.43,0.0143,-0.96,6.75,0.18,0.02,-0.0114,0.0657,3.181341798,1.025886651,0.745689895,2.206128864,0.008796111105000002,0.012193124000000001,0.0314601604,-0.013568393865,0.0018
212,0.0303845992,2019-10-01,0.048031623280000005,0.05028315824000001,0.03178141838,2.06,0.0206,0.29,-1.91,0.16,0.02,0.0013,-0.0207,3.246877439,1.027220304,0.730254114,2.250749628,0.0287845992,0.04643162328000001,0.04868315824000001,0.030181418380000002,0.0016
213,0.012891080683,2019-11-01,0.006154911460000001,-0.015335173500000004,0.037002461313,3.87,0.0387,0.77,-2.02,0.12,0.03,0.0065,-0.0214,3.372531595,1.033897236,0.714626676,2.326105382,0.011691080683,0.004954911460000001,-0.016535173500000003,0.035802461313,0.0012
214,0.002338838890000001,2019-12-01,0.031900551,0.061774949600000004,0.010135533067000001,2.77,0.0277,0.73,1.75,0.14,0.03,0.0059,0.0161,3.465950721,1.039997229,0.726132166,2.391675364,0.0009388388900000008,0.030500551,0.060374949600000005,0.008735533067000001,0.0014000000000000002
215,-0.07164488261999999,2020-01-01,-0.06451633329999999,-0.051930644399999996,-0.08765254911999999,-0.11,-0.0011,-3.11,-6.25,0.13,0.0,-0.0324,-0.0638,3.462138175,1.006301319,0.679804934,2.387778328,-0.07294488261999998,-0.06581633329999999,-0.0532306444,-0.08895254911999999,0.0013
216,-0.1498184534,2020-02-01,-0.19118388660000002,-0.19576378160000002,-0.17306269419999998,-8.13,-0.0813,1.07,-3.81,0.12,-0.09,0.0095,-0.0393,3.180666341,1.015861182,0.6530886,2.177989268,-0.1510184534,-0.19238388660000003,-0.19696378160000003,-0.17426269419999998,0.0012
217,0.22653207425000002,2020-03-01,0.09926576690000001,0.09649514120000001,0.20714526893000001,-13.39,-0.1339,-4.83,-13.87,0.13,-0.13,-0.0496,-0.14,2.754775118,0.965474467,0.561656196,1.886862303,0.22523207425000003,0.09796576690000001,0.09519514120000001,0.20584526893000002,0.0013
218,0.0767802127065,2020-04-01,0.09222993442300001,0.114447256246,0.05816144123500001,13.65,0.1365,2.45,-1.33,0.0,0.12,0.0245,-0.0133,3.130801922,0.989128591,0.554186168,2.11219309,0.0767802127065,0.09222993442300001,0.114447256246,0.05816144123500001,0.0
219,0.010275892465,2020-05-01,0.00121793813,0.024583960800000002,0.023299814769999996,5.58,0.0558,2.47,-4.88,0.01,0.04,0.0246,-0.0489,3.305500669,1.013461155,0.527086465,2.205734709,0.010175892465000001,0.0011179381299999999,0.024483960800000003,0.023199814769999997,0.0001
220,0.078664709275,2020-06-01,0.10941116633999999,0.17367435968000003,0.09582442056,2.46,0.0246,2.69,-2.2,0.01,0.02,0.0268,-0.0221,3.386815985,1.040621914,0.515437854,2.245926241,0.07856470927499999,0.10931116633999999,0.17357435968000004,0.09572442056,0.0001
221,0.07699443591999999,2020-07-01,0.06812138674000001,0.09657013800000001,0.056735820735000005,5.77,0.0577,-2.33,-1.41,0.01,0.05,-0.0234,-0.0142,3.582235268,1.016271361,0.508118636,2.36639049,0.07689443591999999,0.06802138674000001,0.09647013800000001,0.056635820735,0.0001
222,-0.019937201570000004,2020-08-01,-0.027234282040000002,-0.04701966700000001,-0.04716395374,7.63,0.0763,-0.22,-2.97,0.01,0.07,-0.0023,-0.0298,3.855559819,1.013933937,0.492976701,2.526640329,-0.020037201570000003,-0.02733428204,-0.04711966700000001,-0.04726395374,0.0001
223,-0.00897932966,2020-09-01,0.0021929847200000034,-0.026067618500000004,0.01753882859,-3.63,-0.0363,0.02,-2.71,0.01,-0.04,0.0001,-0.0272,3.715602997,1.01403533,0.479567735,2.425528975,-0.00907932966,0.0020929847200000036,-0.026167618500000003,0.01743882859,0.0001
224,0.11805677855,2020-10-01,0.11234220830000002,0.02201726820000001,0.14541578585,-2.1,-0.021,4.38,4.25,0.01,-0.03,0.0437,0.0424,3.637575334,1.058348674,0.499901407,2.35747911,0.11795677855,0.11224220830000002,0.02191726820000001,0.14531578585000002,0.0001
225,0.027203322500000002,2020-11-01,0.0318825285,0.010712851799999997,0.030808769479999998,12.47,0.1247,5.8,2.09,0.01,0.1,0.0579,0.0208,4.091180979,1.119627062,0.510299356,2.598287228,0.027103322500000002,0.0317825285,0.010612851799999998,0.03070876948,0.0001
226,-0.015026432380000003,2020-12-01,-0.008885939859999997,0.0064557378200000085,-0.005272590940000003,4.63,0.0463,4.89,-1.51,0.01,0.04,0.0488,-0.0152,4.280602658,1.174264863,0.502542806,2.692992192,-0.015126432380000002,-0.008985939859999997,0.006355737820000008,-0.005372590940000003,0.0001
227,0.04513667333,2021-01-01,0.04016372925,0.06503691286,0.066803068015,-0.03,-0.0003,7.36,3.01,0.01,-0.01,0.0735,0.03,4.279318477,1.26057333,0.51761909,2.662833058,0.04503667333,0.04006372925,0.06493691286,0.06670306801499999,0.0001
228,0.06590957746,2021-02-01,0.05265647552000001,0.06806328944000001,0.06780528136100002,2.78,0.0278,2.05,7.15,0.0,0.03,0.0205,0.0715,4.398283531,1.286415084,0.554628855,2.731419381,0.06590957746,0.05265647552000001,0.06806328944000001,0.06780528136100002,0.0
229,0.047828734905,2021-03-01,0.02911405303,0.0413937504,0.05624465182000001,3.08,0.0308,-2.37,7.39,0.0,0.04,-0.0237,0.0739,4.533750664,1.255927046,0.595615927,2.844944843,0.047828734905,0.02911405303,0.0413937504,0.05624465182000001,0.0
230,0.026062484745,2021-04-01,0.014773325480000002,-0.028648422800000004,0.025659055205000003,4.93,0.0493,-3.19,-0.95,0.0,0.05,-0.0319,-0.0095,4.757264571,1.215862973,0.589957576,2.990313906,0.026062484745,0.014773325480000002,-0.028648422800000004,0.025659055205000003,0.0
231,-0.0005579657150000016,2021-05-01,0.0072696339600000015,0.03060676072,-0.024811775319999996,0.29,0.0029,-0.25,7.09,0.0,0.01,-0.0025,0.0709,4.771060639,1.212823316,0.631785568,3.006675428,-0.0005579657150000016,0.0072696339600000015,0.03060676072,-0.024811775319999996,0.0
232,0.009042565800000001,2021-06-01,-0.012560093520000001,-0.005642607240000003,0.020175957455000004,2.75,0.0275,1.68,-7.87,0.0,0.02,0.0168,-0.0787,4.902264806,1.233198748,0.582064044,3.072734613,0.009042565800000001,-0.012560093520000001,-0.005642607240000003,0.020175957455000004,0.0
233,0.020306520650000003,2021-07-01,0.005328113420000001,-0.010992359,0.009700055640000002,1.27,0.0127,-3.97,-1.78,0.0,0.02,-0.0397,-0.0178,4.964523569,1.184240757,0.571703304,3.141850337,0.020306520650000003,0.005328113420000001,-0.010992359,0.009700055640000002,0.0
234,-0.03929096875,2021-08-01,-0.027640959000000003,0.031404388,-0.04412988265000001,2.91,0.0291,-0.42,-0.15,0.0,0.03,-0.0042,-0.0015,5.108991205,1.179266946,0.570845749,3.231638296,-0.03929096875,-0.027640959000000003,0.031404388,-0.04412988265000001,0.0
235,0.065451801345,2021-09-01,0.07369290719,0.0790030858,0.0630784144,-4.37,-0.0437,0.71,5.08,0.0,-0.05,0.0071,0.0508,4.885728289,1.187639742,0.599844713,3.074135474,0.065451801345,0.07369290719,0.0790030858,0.0630784144,0.0
